"Date ","series ","OPEN ","HIGH ","LOW ","PREV. CLOSE ","ltp ","close ","vwap ","52W H ","52W L ","VOLUME ","VALUE ","No of trades "
"30-Jun-2025","EQ","886.00","887.45","874.70","883.70","882.00","881.75","880.26","1,348.00","588.00","16,73,237","1,47,28,79,976.85","45,219"
"27-Jun-2025","EQ","865.00","900.85","863.00","864.75","883.00","883.70","888.93","1,348.00","588.00","31,18,143","2,77,18,02,076.50","76,086"
"26-Jun-2025","EQ","854.25","866.50","851.00","850.20","863.00","864.75","858.15","1,348.00","588.00","27,17,149","2,33,17,23,912.75","49,949"
"25-Jun-2025","EQ","856.35","863.70","847.05","851.85","852.00","850.20","851.30","1,348.00","588.00","23,16,935","1,97,24,10,637.05","42,832"
"24-Jun-2025","EQ","852.00","866.60","848.00","837.20","851.00","851.85","856.58","1,348.00","588.00","19,22,183","1,64,64,95,380.60","45,575"
"23-Jun-2025","EQ","817.95","842.55","817.80","828.10","836.70","837.20","835.01","1,348.00","588.00","10,79,104","90,10,62,642.45","28,146"
"20-Jun-2025","EQ","826.00","840.90","823.35","823.60","834.40","828.10","828.83","1,348.00","588.00","63,45,674","5,25,94,56,880.15","75,053"
"19-Jun-2025","EQ","845.00","849.05","818.00","846.45","822.00","823.60","829.98","1,348.00","588.00","16,66,745","1,38,33,60,035.15","38,747"
"18-Jun-2025","EQ","848.95","858.55","834.60","848.85","842.45","846.45","844.49","1,348.00","588.00","19,43,400","1,64,11,81,323.45","30,436"
"17-Jun-2025","EQ","866.00","867.35","846.05","865.70","848.95","848.85","853.45","1,348.00","588.00","12,47,192","1,06,44,18,071.30","30,485"
"16-Jun-2025","EQ","861.00","871.00","849.45","861.00","864.95","865.70","863.18","1,348.00","588.00","24,24,281","2,09,25,90,170.85","41,334"
"13-Jun-2025","EQ","860.00","871.75","851.70","876.95","862.75","861.00","861.70","1,348.00","588.00","42,62,332","3,67,28,66,308.00","68,241"
"12-Jun-2025","EQ","908.40","909.95","868.05","904.50","870.55","876.95","894.20","1,348.00","588.00","38,52,260","3,44,46,74,168.65","63,755"
"11-Jun-2025","EQ","919.85","924.35","895.00","915.50","909.00","904.50","909.61","1,348.00","588.00","54,73,555","4,97,87,96,703.30","67,801"
"10-Jun-2025","EQ","907.15","921.00","896.45","901.40","916.05","915.50","910.37","1,348.00","588.00","81,34,942","7,40,58,13,845.80","95,612"
"09-Jun-2025","EQ","888.50","908.40","876.00","884.10","901.00","901.40","899.57","1,348.00","588.00","68,02,393","6,11,92,00,367.80","88,317"
"06-Jun-2025","EQ","875.65","892.50","872.45","872.20","884.70","884.10","884.75","1,348.00","588.00","66,79,702","5,90,98,83,013.90","92,628"
"05-Jun-2025","EQ","869.95","883.00","864.05","866.00","873.95","872.20","872.91","1,348.00","588.00","57,23,306","4,99,59,40,545.50","86,177"
"04-Jun-2025","EQ","860.50","873.50","851.55","856.55","865.50","866.00","864.11","1,348.00","588.00","59,47,467","5,13,92,69,654.55","85,304"
"03-Jun-2025","EQ","876.55","877.75","854.00","874.85","856.30","856.55","859.29","1,348.00","588.00","58,11,649","4,99,38,73,386.40","1,01,456"
"02-Jun-2025","EQ","874.80","888.20","872.05","867.20","876.50","874.85","877.51","1,348.00","588.00","19,11,879","1,67,76,95,495.80","44,466"
"30-May-2025","EQ","881.05","889.45","862.00","880.95","867.80","867.20","870.16","1,348.00","588.00","12,58,500","1,09,50,93,702.10","36,697"
"29-May-2025","EQ","877.70","898.20","869.40","869.00","882.00","880.95","883.50","1,348.00","588.00","20,45,238","1,80,69,77,645.10","66,332"
"28-May-2025","EQ","881.80","890.85","865.75","879.15","868.00","869.00","879.58","1,348.00","588.00","9,90,253","87,10,06,598.70","28,147"
"27-May-2025","EQ","880.00","890.40","874.25","878.70","882.00","879.15","880.42","1,348.00","588.00","17,72,369","1,56,04,23,374.80","36,707"
"26-May-2025","EQ","877.95","891.00","875.90","876.55","877.75","878.70","883.02","1,348.00","588.00","9,66,027","85,30,18,396.80","27,184"
"23-May-2025","EQ","884.50","884.50","871.10","879.00","875.80","876.55","878.07","1,348.00","588.00","8,16,889","71,72,82,173.10","24,404"
"22-May-2025","EQ","869.00","886.40","864.35","872.15","880.35","879.00","875.83","1,348.00","588.00","11,21,955","98,26,41,540.20","44,530"
"21-May-2025","EQ","869.90","881.00","860.50","869.75","875.05","872.15","871.16","1,348.00","588.00","12,39,047","1,07,94,09,254.00","39,748"
"20-May-2025","EQ","894.45","897.55","866.55","888.90","871.45","869.75","881.14","1,348.00","588.00","13,01,836","1,14,70,97,291.85","41,364"
"19-May-2025","EQ","920.00","920.80","886.00","915.05","890.00","888.90","897.18","1,348.00","588.00","21,20,510","1,90,24,81,629.10","48,912"
"16-May-2025","EQ","912.10","934.75","908.05","910.80","913.10","915.05","921.23","1,348.00","588.00","22,88,025","2,10,77,93,472.05","51,755"
"15-May-2025","EQ","894.95","913.55","884.05","890.80","909.55","910.80","899.62","1,348.00","588.00","17,55,815","1,57,95,58,684.00","41,612"
"14-May-2025","EQ","903.95","903.95","886.00","904.20","891.00","890.80","891.27","1,348.00","588.00","19,29,234","1,71,94,69,066.80","52,886"
"13-May-2025","EQ","890.00","908.90","885.25","894.30","905.00","904.20","898.30","1,348.00","588.00","22,46,532","2,01,80,62,216.65","60,768"
"12-May-2025","EQ","860.00","897.65","851.05","827.10","896.00","894.30","883.63","1,348.00","588.00","32,86,835","2,90,43,41,634.55","73,681"
"09-May-2025","EQ","811.00","834.60","806.10","839.00","831.30","827.10","817.66","1,348.00","588.00","26,39,860","2,15,85,09,404.15","63,473"
"08-May-2025","EQ","880.05","886.70","826.30","871.60","830.00","839.00","860.80","1,348.00","588.00","32,62,818","2,80,86,48,292.70","77,994"
"07-May-2025","EQ","878.00","907.00","865.10","907.40","875.20","871.60","881.94","1,348.00","588.00","57,12,060","5,03,77,12,090.20","1,01,402"
"06-May-2025","EQ","939.00","941.50","901.10","937.20","904.00","907.40","915.66","1,348.00","588.00","25,69,364","2,35,26,66,529.65","57,157"
"05-May-2025","EQ","911.00","980.85","909.95","907.15","938.00","937.20","952.85","1,348.00","588.00","57,11,254","5,44,19,66,771.35","1,15,936"
"02-May-2025","EQ","900.05","929.85","900.05","899.65","906.00","907.15","914.57","1,348.00","588.00","20,65,515","1,88,90,52,049.40","56,529"
"30-Apr-2025","EQ","919.70","919.70","892.00","917.65","895.00","899.65","908.56","1,348.00","588.00","11,91,673","1,08,27,06,371.60","35,696"
"29-Apr-2025","EQ","929.90","939.85","912.05","925.30","917.95","917.65","921.58","1,348.00","588.00","14,66,481","1,35,14,81,933.55","43,538"
"28-Apr-2025","EQ","914.00","941.60","904.00","914.35","925.10","925.30","924.92","1,348.00","588.00","24,04,027","2,22,35,30,819.00","62,771"
"25-Apr-2025","EQ","978.00","981.00","905.90","961.70","909.20","914.35","938.29","1,348.00","588.00","57,36,784","5,38,27,82,202.35","1,39,303"
"24-Apr-2025","EQ","940.00","971.70","935.00","938.80","963.00","961.70","954.24","1,348.00","588.00","36,95,638","3,52,65,07,712.50","87,713"
"23-Apr-2025","EQ","935.70","942.15","901.60","929.60","938.00","938.80","924.22","1,348.00","588.00","25,00,136","2,31,06,85,487.00","54,538"
"22-Apr-2025","EQ","941.90","942.75","926.00","937.50","931.00","929.60","934.14","1,348.00","588.00","16,54,173","1,54,52,36,168.75","41,667"
"21-Apr-2025","EQ","924.00","949.00","915.45","914.15","935.35","937.50","936.21","1,348.00","588.00","21,53,406","2,01,60,40,192.25","55,270"
"17-Apr-2025","EQ","896.05","937.00","891.65","895.15","913.00","914.15","920.45","1,348.00","588.00","38,49,304","3,54,31,03,932.00","87,085"
"16-Apr-2025","EQ","884.90","903.00","881.05","887.40","895.00","895.15","894.97","1,348.00","588.00","26,69,664","2,38,92,68,261.30","46,276"
"15-Apr-2025","EQ","855.65","889.60","851.45","844.80","885.20","887.40","875.87","1,348.00","588.00","25,37,147","2,22,22,08,489.10","57,096"
"11-Apr-2025","EQ","860.70","863.35","833.75","837.40","842.00","844.80","843.71","1,348.00","588.00","18,78,535","1,58,49,35,998.95","44,700"
"09-Apr-2025","EQ","835.35","845.00","827.60","841.15","834.95","837.40","837.05","1,348.00","588.00","10,26,681","85,93,83,662.15","29,068"
"08-Apr-2025","EQ","835.00","847.85","826.85","815.05","842.60","841.15","839.08","1,348.00","588.00","17,07,784","1,43,29,67,239.95","50,129"
"07-Apr-2025","EQ","780.50","822.20","780.50","859.40","821.00","815.05","804.32","1,348.00","588.00","26,69,587","2,14,72,12,823.15","80,268"
"04-Apr-2025","EQ","881.10","884.70","852.10","884.35","858.20","859.40","866.35","1,348.00","588.00","14,75,762","1,27,85,23,170.75","50,105"
"03-Apr-2025","EQ","855.00","901.00","855.00","867.90","884.90","884.35","885.83","1,348.00","588.00","21,65,750","1,91,84,78,085.80","65,568"
"02-Apr-2025","EQ","864.70","871.00","839.30","866.35","865.95","867.90","856.29","1,348.00","588.00","15,54,834","1,33,13,84,444.60","43,275"
"01-Apr-2025","EQ","857.40","884.90","856.10","872.00","867.80","866.35","871.15","1,348.00","588.00","18,99,810","1,65,50,12,995.20","71,728"
"28-Mar-2025","EQ","872.85","894.90","864.00","872.85","870.00","872.00","878.70","1,348.00","588.00","37,27,492","3,27,53,61,121.70","1,03,926"
"27-Mar-2025","EQ","803.00","882.45","796.05","803.00","870.00","872.85","850.80","1,348.00","588.00","82,08,182","6,98,34,85,430.40","1,71,217"
"26-Mar-2025","EQ","817.05","832.60","800.50","816.55","802.75","803.00","815.68","1,348.00","588.00","20,42,407","1,66,59,54,058.40","46,572"
"25-Mar-2025","EQ","822.00","838.90","812.35","820.25","814.10","816.55","825.46","1,348.00","588.00","27,13,855","2,24,01,84,451.40","62,271"
"24-Mar-2025","EQ","838.75","844.70","817.55","831.70","820.50","820.25","827.91","1,348.00","588.00","18,08,999","1,49,76,82,457.80","55,509"
"21-Mar-2025","EQ","815.00","846.95","811.85","815.10","830.00","831.70","832.37","1,348.00","588.00","27,11,820","2,25,72,28,318.80","61,915"
"20-Mar-2025","EQ","820.00","823.00","800.90","813.90","812.00","815.10","812.07","1,348.00","588.00","12,86,932","1,04,50,75,772.45","34,887"
"19-Mar-2025","EQ","801.10","820.65","799.15","798.55","813.90","813.90","811.37","1,348.00","588.00","14,17,575","1,15,01,79,895.75","48,820"
"18-Mar-2025","EQ","800.70","807.80","786.30","795.05","798.15","798.55","798.75","1,348.00","588.00","13,44,527","1,07,39,43,836.20","37,811"
"17-Mar-2025","EQ","779.80","801.15","776.80","783.20","795.60","795.05","793.95","1,348.00","588.00","18,50,753","1,46,94,06,061.65","52,306"
"13-Mar-2025","EQ","783.80","795.95","776.85","781.75","781.00","783.20","787.65","1,348.00","588.00","22,01,144","1,73,37,28,760.40","62,732"
"12-Mar-2025","EQ","765.00","784.90","744.05","761.05","783.30","781.75","768.79","1,348.00","588.00","27,34,197","2,10,20,13,750.05","55,808"
"11-Mar-2025","EQ","745.00","768.00","742.00","759.10","766.00","761.05","758.23","1,348.00","588.00","27,85,862","2,11,23,15,957.65","66,551"
"10-Mar-2025","EQ","747.00","790.00","738.00","747.60","758.10","759.10","772.93","1,348.00","588.00","68,61,685","5,30,35,73,422.85","1,36,878"
"07-Mar-2025","EQ","730.00","753.90","724.00","733.25","746.25","747.60","739.61","1,348.00","588.00","26,22,387","1,93,95,32,717.05","63,627"
"06-Mar-2025","EQ","719.00","746.60","707.60","709.45","735.15","733.25","730.66","1,348.00","588.00","48,97,354","3,57,83,02,739.00","1,21,378"
"05-Mar-2025","EQ","647.00","731.50","646.00","646.65","707.00","709.45","696.28","1,348.00","588.00","62,65,335","4,36,24,09,974.05","1,35,993"
"04-Mar-2025","EQ","649.45","660.60","641.15","654.05","647.55","646.65","651.40","1,348.00","588.00","10,74,477","69,99,13,647.65","32,851"
"03-Mar-2025","EQ","652.55","664.05","639.45","650.90","655.25","654.05","650.32","1,348.00","588.00","11,60,382","75,46,16,952.60","50,106"
"28-Feb-2025","EQ","661.70","673.35","648.05","661.70","651.45","650.90","658.83","1,348.00","588.00","17,66,312","1,16,36,98,307.35","66,056"
"27-Feb-2025","EQ","673.50","678.45","660.00","669.70","663.00","661.70","667.13","1,348.00","588.00","11,09,229","74,00,01,155.10","37,836"
"25-Feb-2025","EQ","672.30","686.35","665.70","669.60","667.95","669.70","675.06","1,348.00","588.00","16,54,419","1,11,68,36,408.15","51,169"
"24-Feb-2025","EQ","670.00","680.70","656.65","670.95","667.40","669.60","669.02","1,348.00","588.00","12,37,728","82,80,59,874.25","36,824"
"21-Feb-2025","EQ","680.95","695.70","667.20","678.00","668.80","670.95","681.91","1,348.00","588.00","12,11,108","82,58,64,645.90","44,933"
"20-Feb-2025","EQ","669.90","686.50","662.35","670.65","679.50","678.00","676.98","1,348.00","588.00","12,71,876","86,10,32,351.95","45,545"
"19-Feb-2025","EQ","667.10","681.90","660.00","677.15","671.05","670.65","672.93","1,348.00","588.00","18,83,969","1,26,77,73,954.40","63,359"
"18-Feb-2025","EQ","706.80","706.80","668.00","702.00","676.00","677.15","677.96","1,348.00","588.00","29,68,321","2,01,24,12,051.00","98,552"
"17-Feb-2025","EQ","703.85","708.75","677.40","708.40","704.00","702.00","693.73","1,348.00","588.00","23,94,243","1,66,09,64,070.25","1,21,442"
"14-Feb-2025","EQ","747.45","751.10","696.75","744.00","707.60","708.40","716.74","1,348.00","588.00","17,79,389","1,27,53,57,645.30","76,883"
"13-Feb-2025","EQ","760.20","777.80","740.00","756.80","742.00","744.00","759.81","1,348.00","588.00","13,10,157","99,54,66,843.05","47,504"
"12-Feb-2025","EQ","738.00","760.00","728.65","732.05","759.05","756.80","747.91","1,348.00","588.00","31,37,758","2,34,67,50,620.45","1,02,311"
"11-Feb-2025","EQ","741.80","763.60","725.20","741.70","728.65","732.05","743.86","1,348.00","588.00","15,30,185","1,13,82,40,909.10","61,155"
"10-Feb-2025","EQ","776.90","777.00","738.05","773.40","741.00","741.70","749.08","1,348.00","588.00","11,32,859","84,86,03,340.75","43,657"
"07-Feb-2025","EQ","773.95","782.90","759.20","773.15","773.90","773.40","770.41","1,348.00","588.00","7,71,037","59,40,13,213.10","36,822"
"06-Feb-2025","EQ","780.90","788.20","767.15","775.50","772.20","773.15","777.49","1,348.00","588.00","10,09,247","78,46,78,896.20","44,349"
"05-Feb-2025","EQ","752.00","782.70","751.80","751.80","775.00","775.50","770.08","1,348.00","588.00","16,64,111","1,28,15,05,242.70","63,046"
"04-Feb-2025","EQ","734.90","753.45","731.00","728.15","751.90","751.80","745.22","1,348.00","588.00","10,07,055","75,04,74,062.05","43,288"
"03-Feb-2025","EQ","740.00","742.70","725.35","746.05","728.30","728.15","733.03","1,348.00","588.00","8,61,101","63,12,12,292.15","41,013"
"01-Feb-2025","EQ","756.00","767.90","732.00","748.35","747.00","746.05","755.77","1,348.00","588.00","11,26,229","85,11,66,364.85","40,773"
"31-Jan-2025","EQ","748.90","763.30","737.85","740.25","753.50","748.35","750.10","1,348.00","588.00","30,73,984","2,30,58,08,363.25","80,146"
"30-Jan-2025","EQ","751.95","760.30","728.30","744.70","740.60","740.25","745.78","1,348.00","588.00","13,80,777","1,02,97,56,017.65","62,459"
"29-Jan-2025","EQ","750.95","759.75","738.10","747.60","743.80","744.70","747.02","1,348.00","588.00","13,98,816","1,04,49,47,874.50","58,122"
"28-Jan-2025","EQ","753.00","769.90","735.30","755.65","749.80","747.60","751.13","1,348.00","588.00","18,60,951","1,39,78,09,824.45","71,176"
"27-Jan-2025","EQ","779.25","781.30","750.80","790.45","754.00","755.65","765.68","1,348.00","588.00","23,19,145","1,77,57,31,258.25","88,127"
"24-Jan-2025","EQ","814.00","816.00","781.00","808.80","787.00","790.45","792.40","1,348.00","588.00","27,73,445","2,19,76,77,585.55","82,530"
"23-Jan-2025","EQ","795.10","826.60","791.35","802.80","805.10","808.80","808.77","1,348.00","588.00","37,65,979","3,04,58,06,850.75","1,20,125"
"22-Jan-2025","EQ","825.00","827.35","785.10","813.35","801.45","802.80","798.64","1,348.00","588.00","23,16,536","1,85,00,73,665.30","82,737"
"21-Jan-2025","EQ","819.00","826.65","803.20","815.75","814.00","813.35","815.49","1,348.00","588.00","30,26,174","2,46,78,27,835.95","86,951"
"20-Jan-2025","EQ","815.00","828.70","801.15","805.15","816.00","815.75","815.14","1,348.00","588.00","21,08,088","1,71,83,92,064.55","69,788"
"17-Jan-2025","EQ","796.00","808.65","786.00","792.50","803.00","805.15","799.25","1,348.00","588.00","23,91,368","1,91,12,90,590.65","81,294"
"16-Jan-2025","EQ","817.95","833.15","786.55","780.15","795.00","792.50","801.07","1,348.00","588.00","24,48,865","1,96,17,11,334.25","87,757"
"15-Jan-2025","EQ","783.65","800.90","773.50","771.30","780.00","780.15","784.93","1,348.00","588.00","35,99,461","2,82,53,28,059.65","1,55,322"
"14-Jan-2025","EQ","702.95","787.70","700.10","688.75","773.00","771.30","761.49","1,348.00","588.00","95,25,701","7,25,36,87,658.75","2,96,458"
"13-Jan-2025","EQ","719.00","724.50","682.45","729.25","693.05","688.75","703.19","1,348.00","588.00","14,24,633","1,00,17,89,492.15","67,148"
"10-Jan-2025","EQ","751.50","754.70","726.35","751.50","732.95","729.25","737.87","1,348.00","588.00","12,04,613","88,88,49,582.00","49,253"
"09-Jan-2025","EQ","775.65","776.00","749.20","770.20","751.00","751.50","761.42","1,348.00","588.00","7,70,057","58,63,33,862.10","35,840"
"08-Jan-2025","EQ","781.95","784.85","761.40","781.55","770.00","770.20","770.49","1,348.00","588.00","8,69,142","66,96,62,227.55","41,654"
"07-Jan-2025","EQ","777.00","792.40","773.80","768.60","780.00","781.55","783.84","1,348.00","588.00","11,88,943","93,19,41,238.25","47,252"
"06-Jan-2025","EQ","815.05","819.00","765.10","821.25","771.65","768.60","781.98","1,348.00","588.00","27,10,372","2,11,94,64,477.75","99,948"
"03-Jan-2025","EQ","810.85","831.00","810.00","809.05","821.00","821.25","825.20","1,348.00","588.00","25,50,810","2,10,49,38,430.35","70,455"
"02-Jan-2025","EQ","808.00","810.85","793.50","805.45","808.50","809.05","804.01","1,348.00","588.00","8,77,729","70,57,00,717.55","33,647"
"01-Jan-2025","EQ","808.80","819.90","800.95","806.20","805.25","805.45","808.81","1,348.00","588.00","11,04,434","89,32,78,479.05","46,521"
"31-Dec-2024","EQ","818.40","820.00","800.00","826.25","803.65","806.20","805.98","1,348.00","588.00","11,87,100","95,67,81,190.05","44,195"
"30-Dec-2024","EQ","808.55","830.50","805.25","805.95","826.35","826.25","823.92","1,348.00","588.00","59,93,093","4,93,78,23,104.75","1,29,393"
"27-Dec-2024","EQ","798.95","814.95","791.00","792.30","803.55","805.95","802.77","1,348.00","588.00","16,99,411","1,36,42,35,776.50","75,997"
"26-Dec-2024","EQ","773.10","800.80","769.00","771.30","790.50","792.30","789.56","1,348.00","588.00","19,41,859","1,53,32,08,796.25","75,894"
"24-Dec-2024","EQ","775.00","789.95","766.05","773.30","768.60","771.30","776.47","1,348.00","588.00","9,86,887","76,62,91,027.45","37,850"
"23-Dec-2024","EQ","781.35","783.85","765.30","767.55","771.00","773.30","772.85","1,348.00","588.00","9,71,855","75,10,99,121.90","33,863"
"20-Dec-2024","EQ","799.00","812.60","761.85","796.00","769.65","767.55","784.68","1,348.00","588.00","17,99,045","1,41,16,80,033.60","79,212"
"19-Dec-2024","EQ","775.00","799.50","770.05","793.85","794.00","796.00","788.42","1,348.00","588.00","9,78,345","77,13,42,273.70","31,460"
"18-Dec-2024","EQ","815.90","818.75","790.20","813.35","793.95","793.85","800.82","1,348.00","588.00","15,03,369","1,20,39,31,058.50","38,457"
"17-Dec-2024","EQ","811.50","825.50","806.40","811.90","815.35","813.35","816.73","1,348.00","588.00","13,52,971","1,10,50,16,308.60","33,804"
"16-Dec-2024","EQ","830.00","830.90","809.00","832.40","810.00","811.90","820.63","1,348.00","588.00","15,88,379","1,30,34,67,970.90","36,856"
"13-Dec-2024","EQ","818.90","837.50","807.00","818.15","828.15","832.40","821.93","1,348.00","588.00","37,50,259","3,08,24,41,155.65","62,697"
"12-Dec-2024","EQ","788.00","832.80","783.25","791.50","818.60","818.15","816.39","1,348.00","588.00","77,53,669","6,33,00,54,651.35","1,54,750"
"11-Dec-2024","EQ","784.55","797.00","773.00","784.55","793.05","791.50","785.55","1,348.00","588.00","16,01,918","1,25,83,86,687.90","47,239"
"10-Dec-2024","EQ","805.45","806.00","775.80","803.45","786.20","784.55","789.82","1,348.00","588.00","18,81,212","1,48,58,25,650.60","51,687"
"09-Dec-2024","EQ","808.35","814.00","797.00","808.35","805.00","803.45","804.74","1,348.00","588.00","14,61,945","1,17,64,78,455.60","39,801"
"06-Dec-2024","EQ","826.00","830.00","805.30","822.80","807.50","808.35","817.40","1,348.00","588.00","17,63,438","1,44,14,42,029.95","48,155"
"05-Dec-2024","EQ","829.10","830.00","806.00","813.45","823.30","822.80","817.95","1,348.00","588.00","31,90,458","2,60,96,29,860.65","72,609"
"04-Dec-2024","EQ","820.05","828.00","797.00","801.85","821.10","813.45","808.98","1,348.00","588.00","40,86,092","3,30,55,83,301.25","88,073"
"03-Dec-2024","EQ","807.05","829.00","798.00","807.00","799.90","801.85","811.08","1,348.00","588.00","42,39,248","3,43,83,86,751.95","99,706"
"02-Dec-2024","EQ","844.90","855.85","802.50","840.50","805.30","807.00","821.65","1,348.00","588.00","84,33,923","6,92,97,03,603.65","1,83,860"
"29-Nov-2024","EQ","748.00","869.75","742.00","726.85","824.55","840.50","818.72","1,348.00","588.00","3,09,18,520","25,31,35,83,140.40","4,61,524"
"28-Nov-2024","EQ","689.90","726.85","685.00","660.80","726.85","726.85","722.14","1,348.00","588.00","92,55,642","6,68,38,67,099.40","86,894"
"27-Nov-2024","EQ","601.10","660.80","588.00","600.75","660.80","660.80","641.79","1,348.00","588.00","90,30,869","5,79,58,92,388.65","1,24,802"
"26-Nov-2024","EQ","637.75","637.75","593.05","625.20","600.90","600.75","605.42","1,348.00","593.05","77,55,657","4,69,53,98,433.70","1,59,034"
"25-Nov-2024","EQ","678.00","694.20","620.00","648.95","622.00","625.20","649.71","1,348.00","620.00","1,31,13,479","8,51,99,25,980.70","3,26,674"
"22-Nov-2024","EQ","658.15","695.00","627.50","697.25","648.85","648.95","661.48","1,348.00","627.50","2,29,87,433","15,20,56,97,904.25","5,58,691"
"21-Nov-2024","EQ","697.25","724.00","697.25","871.55","697.25","697.25","700.25","1,348.00","697.25","2,13,16,268","14,92,66,46,218.90","1,81,197"
"19-Nov-2024","EQ","866.55","887.40","865.25","866.55","869.50","871.55","876.15","1,348.00","720.00","15,51,260","1,35,91,34,922.30","57,416"
"18-Nov-2024","EQ","888.00","889.00","855.00","879.70","864.10","866.55","870.37","1,348.00","720.00","17,43,209","1,51,72,44,263.60","75,603"
"14-Nov-2024","EQ","900.00","905.95","875.85","889.85","876.75","879.70","890.24","1,348.00","720.00","19,03,461","1,69,45,29,778.05","73,481"
"13-Nov-2024","EQ","920.00","936.70","885.10","924.05","892.00","889.85","910.15","1,348.00","720.00","27,53,677","2,50,62,56,313.85","80,715"
"12-Nov-2024","EQ","903.60","937.95","901.55","901.95","923.60","924.05","921.62","1,348.00","720.00","37,20,874","3,42,92,31,327.00","1,47,190"
"11-Nov-2024","EQ","936.25","937.05","897.00","936.25","899.90","901.95","909.44","1,348.00","720.00","34,21,527","3,11,16,83,055.00","1,19,050"
"08-Nov-2024","EQ","965.00","973.85","934.00","964.05","935.50","936.25","952.68","1,348.00","720.00","24,73,648","2,35,66,05,858.70","83,699"
"07-Nov-2024","EQ","1,006.20","1,015.00","956.30","1,076.30","962.00","964.05","982.28","1,348.00","720.00","1,02,30,730","10,04,94,76,834.95","2,76,539"
"06-Nov-2024","EQ","1,015.00","1,090.95","1,009.00","1,015.00","1,073.00","1,076.30","1,058.06","1,348.00","720.00","52,00,238","5,50,21,46,875.45","1,61,680"
"05-Nov-2024","EQ","968.90","1,024.90","956.35","964.80","1,012.00","1,015.00","988.36","1,348.00","720.00","21,00,961","2,07,65,00,341.55","70,639"
"04-Nov-2024","EQ","978.95","979.90","961.20","978.75","966.00","964.80","968.16","1,348.00","720.00","7,73,086","74,84,71,108.55","33,725"
"01-Nov-2024","EQ","981.85","990.00","970.10","976.20","976.90","978.75","982.73","1,348.00","720.00","1,43,996","14,15,09,282.20","7,402"
"31-Oct-2024","EQ","943.00","980.00","942.00","945.90","977.00","976.20","969.69","1,348.00","720.00","15,46,658","1,49,97,80,838.55","60,719"
"30-Oct-2024","EQ","930.00","963.50","917.55","930.60","947.50","945.90","948.18","1,348.00","720.00","17,85,038","1,69,25,38,628.45","1,03,990"
"29-Oct-2024","EQ","950.00","950.05","917.05","940.00","932.00","930.60","927.94","1,348.00","720.00","21,25,174","1,97,20,41,989.80","78,320"
"28-Oct-2024","EQ","924.95","961.85","891.05","919.35","937.65","940.00","931.94","1,348.00","720.00","20,04,705","1,86,82,57,875.80","1,11,962"
"25-Oct-2024","EQ","975.00","975.75","905.10","976.35","919.00","919.35","933.83","1,348.00","686.00","16,89,777","1,57,79,58,820.20","86,337"
"24-Oct-2024","EQ","981.90","988.50","969.00","981.60","975.00","976.35","977.07","1,348.00","686.00","19,04,115","1,86,04,44,262.65","57,630"
"23-Oct-2024","EQ","1,008.95","1,008.95","965.40","1,009.85","980.75","981.60","979.09","1,348.00","686.00","32,68,890","3,20,05,46,316.60","1,10,184"
"22-Oct-2024","EQ","1,017.50","1,043.40","987.00","1,017.55","1,000.00","1,009.85","1,011.62","1,348.00","686.00","37,85,445","3,82,94,48,794.00","1,51,786"
"21-Oct-2024","EQ","1,043.30","1,048.70","1,008.00","1,043.30","1,019.85","1,017.55","1,025.55","1,348.00","686.00","7,99,922","82,03,63,983.90","36,598"
"18-Oct-2024","EQ","1,015.55","1,046.00","1,004.00","1,021.65","1,042.95","1,043.30","1,033.55","1,348.00","686.00","21,62,032","2,23,45,72,634.25","71,460"
"17-Oct-2024","EQ","1,027.05","1,036.85","1,015.00","1,032.65","1,020.00","1,021.65","1,024.17","1,348.00","686.00","14,87,254","1,52,31,96,494.70","55,233"
"16-Oct-2024","EQ","1,010.75","1,038.35","1,003.20","1,004.70","1,032.50","1,032.65","1,026.80","1,348.00","686.00","30,45,843","3,12,74,68,146.95","85,150"
"15-Oct-2024","EQ","984.85","1,009.00","974.05","982.40","1,006.00","1,004.70","985.63","1,348.00","686.00","24,74,266","2,43,87,13,410.15","54,400"
"14-Oct-2024","EQ","994.00","1,014.80","977.10","976.80","982.00","982.40","988.11","1,348.00","686.00","13,63,315","1,34,70,98,613.30","56,599"
"11-Oct-2024","EQ","997.90","999.05","974.70","989.85","976.80","976.80","983.27","1,348.00","686.00","10,55,225","1,03,75,69,227.25","54,023"
"10-Oct-2024","EQ","992.95","1,001.60","963.60","983.30","995.00","989.85","976.19","1,348.00","686.00","19,81,159","1,93,39,77,720.45","74,954"
"09-Oct-2024","EQ","1,015.80","1,017.45","980.50","1,007.30","983.95","983.30","992.39","1,348.00","686.00","17,52,790","1,73,94,58,156.85","89,891"
"08-Oct-2024","EQ","931.00","1,010.00","915.00","934.20","1,008.20","1,007.30","982.62","1,348.00","686.00","49,82,440","4,89,58,35,445.75","1,77,876"
"07-Oct-2024","EQ","976.00","982.70","920.80","962.75","935.00","934.20","939.75","1,348.00","686.00","43,21,395","4,06,10,49,567.55","1,32,180"
"04-Oct-2024","EQ","1,016.00","1,020.50","955.00","1,015.85","964.00","962.75","978.70","1,348.00","686.00","51,74,616","5,06,43,99,888.75","2,21,566"
"03-Oct-2024","EQ","1,023.80","1,039.70","1,010.00","1,040.10","1,021.70","1,015.85","1,023.28","1,348.00","686.00","9,83,956","1,00,68,60,341.40","42,916"
"01-Oct-2024","EQ","1,013.95","1,053.45","1,010.00","1,009.65","1,043.00","1,040.10","1,040.41","1,348.00","686.00","40,58,979","4,22,30,01,311.50","1,26,378"
"30-Sep-2024","EQ","1,009.90","1,018.70","994.00","1,010.20","1,010.00","1,009.65","1,009.00","1,348.00","686.00","11,70,771","1,18,13,06,315.35","61,866"
"27-Sep-2024","EQ","1,036.10","1,056.00","1,001.05","1,036.70","1,012.00","1,010.20","1,029.27","1,348.00","686.00","15,37,355","1,58,23,49,544.95","61,271"
"26-Sep-2024","EQ","1,045.00","1,049.40","1,033.00","1,044.20","1,040.00","1,036.70","1,040.28","1,348.00","686.00","6,41,975","66,78,36,451.35","25,055"
"25-Sep-2024","EQ","1,049.00","1,053.85","1,036.00","1,051.15","1,045.30","1,044.20","1,044.52","1,348.00","686.00","10,91,528","1,14,01,20,985.80","42,319"
"24-Sep-2024","EQ","1,030.00","1,068.00","1,021.45","1,025.95","1,049.05","1,051.15","1,049.48","1,348.00","686.00","41,31,050","4,33,54,38,224.35","99,495"
"23-Sep-2024","EQ","1,025.20","1,040.00","1,017.00","1,007.15","1,022.20","1,025.95","1,028.20","1,348.00","686.00","23,23,963","2,38,95,04,751.90","76,130"
"20-Sep-2024","EQ","976.20","1,019.90","976.20","979.00","1,008.00","1,007.15","1,001.00","1,348.00","686.00","47,88,824","4,79,35,96,472.15","1,21,964"
"19-Sep-2024","EQ","993.10","998.45","967.05","979.90","980.00","979.00","979.77","1,348.00","686.00","34,14,484","3,34,54,12,843.70","79,888"
"18-Sep-2024","EQ","988.00","993.00","977.00","989.00","979.80","979.90","984.02","1,348.00","686.00","28,47,382","2,80,18,92,802.95","80,575"
"17-Sep-2024","EQ","985.00","995.00","976.15","980.50","988.65","989.00","983.61","1,348.00","686.00","13,20,871","1,29,92,18,709.20","41,909"
"16-Sep-2024","EQ","990.50","1,010.00","978.00","983.30","979.95","980.50","991.72","1,348.00","686.00","17,87,723","1,77,29,11,845.55","88,696"
"13-Sep-2024","EQ","991.00","1,009.00","980.00","1,008.20","982.50","983.30","994.21","1,348.00","686.00","16,39,099","1,62,96,04,812.15","50,702"
"12-Sep-2024","EQ","1,004.10","1,012.00","990.00","998.10","1,006.00","1,008.20","1,000.18","1,348.00","686.00","6,92,258","69,23,82,912.05","31,407"
"11-Sep-2024","EQ","1,008.05","1,012.85","990.90","1,014.00","999.00","998.10","1,002.20","1,348.00","686.00","6,28,404","62,97,85,125.90","31,082"
"10-Sep-2024","EQ","1,001.05","1,020.00","1,001.05","1,007.05","1,014.40","1,014.00","1,013.36","1,348.00","686.00","12,69,824","1,28,67,87,490.80","43,360"
"09-Sep-2024","EQ","985.30","1,009.15","968.30","985.35","1,008.00","1,007.05","988.26","1,348.00","686.00","27,22,062","2,69,01,16,162.20","1,31,096"
"06-Sep-2024","EQ","1,012.45","1,012.50","983.00","1,007.45","985.75","985.35","991.48","1,348.00","686.00","16,36,983","1,62,30,29,382.95","96,667"
"05-Sep-2024","EQ","1,035.00","1,037.80","1,001.30","1,028.60","1,007.90","1,007.45","1,016.50","1,348.00","686.00","11,62,678","1,18,18,58,457.65","56,636"
"04-Sep-2024","EQ","1,015.70","1,038.00","1,012.00","1,029.20","1,030.00","1,028.60","1,024.49","1,348.00","686.00","10,79,051","1,10,54,76,236.90","42,345"
"03-Sep-2024","EQ","1,045.00","1,046.10","1,020.05","1,034.10","1,026.90","1,029.20","1,029.92","1,348.00","686.00","13,68,306","1,40,92,46,007.00","55,152"
"02-Sep-2024","EQ","1,017.00","1,049.00","1,003.40","1,007.40","1,036.90","1,034.10","1,024.97","1,348.00","686.00","28,21,331","2,89,17,87,358.80","75,603"
"30-Aug-2024","EQ","1,012.70","1,022.90","1,000.50","1,004.10","1,007.00","1,007.40","1,009.79","1,348.00","686.00","20,71,206","2,09,14,74,338.55","78,039"
"29-Aug-2024","EQ","1,025.50","1,027.00","984.00","1,027.15","1,004.10","1,004.10","996.73","1,348.00","686.00","65,14,855","6,49,35,66,035.70","1,55,456"
"28-Aug-2024","EQ","1,050.90","1,050.90","1,022.50","1,046.15","1,024.90","1,027.15","1,030.17","1,348.00","686.00","18,83,409","1,94,02,40,574.00","63,134"
"27-Aug-2024","EQ","1,055.15","1,062.00","1,043.50","1,053.35","1,046.00","1,046.15","1,049.00","1,348.00","686.00","13,19,608","1,38,42,64,768.00","45,585"
"26-Aug-2024","EQ","1,066.55","1,076.00","1,041.35","1,065.65","1,053.95","1,053.35","1,059.68","1,348.00","686.00","17,12,349","1,81,45,39,337.15","46,332"
"23-Aug-2024","EQ","1,081.00","1,086.00","1,060.00","1,077.75","1,065.70","1,065.65","1,066.90","1,348.00","686.00","14,65,165","1,56,31,90,436.85","58,250"
"22-Aug-2024","EQ","1,092.00","1,099.90","1,075.00","1,088.40","1,078.00","1,077.75","1,087.52","1,348.00","686.00","19,42,688","2,11,27,21,731.45","69,079"
"21-Aug-2024","EQ","1,099.70","1,115.50","1,075.00","1,099.90","1,090.90","1,088.40","1,094.73","1,348.00","686.00","20,48,993","2,24,31,03,977.40","50,847"
"20-Aug-2024","EQ","1,097.85","1,110.25","1,090.80","1,092.55","1,097.60","1,099.90","1,099.38","1,348.00","686.00","10,99,089","1,20,83,16,096.50","35,002"
"19-Aug-2024","EQ","1,089.80","1,111.90","1,089.80","1,085.30","1,095.60","1,092.55","1,100.42","1,348.00","686.00","17,82,102","1,96,10,63,777.50","70,395"
"16-Aug-2024","EQ","1,126.90","1,138.00","1,073.10","1,113.70","1,085.50","1,085.30","1,096.99","1,348.00","686.00","31,87,004","3,49,60,99,462.85","1,43,557"
"14-Aug-2024","EQ","1,082.00","1,119.00","1,070.10","1,071.25","1,112.00","1,113.70","1,101.95","1,348.00","686.00","38,46,943","4,23,91,50,856.05","1,32,714"
"13-Aug-2024","EQ","1,092.00","1,129.90","1,065.10","1,063.00","1,072.70","1,071.25","1,100.54","1,348.00","686.00","58,08,191","6,39,21,64,941.30","1,45,605"
"12-Aug-2024","EQ","1,072.00","1,082.95","1,036.05","1,103.80","1,067.90","1,063.00","1,064.83","1,348.00","686.00","63,68,619","6,78,15,15,030.30","1,96,884"
"09-Aug-2024","EQ","1,110.00","1,131.90","1,101.10","1,101.45","1,106.95","1,103.80","1,115.56","1,348.00","686.00","22,46,263","2,50,58,48,057.05","78,461"
"08-Aug-2024","EQ","1,132.00","1,135.00","1,096.05","1,131.65","1,103.00","1,101.45","1,114.00","1,348.00","686.00","27,60,169","3,07,48,37,791.90","1,14,431"
"07-Aug-2024","EQ","1,160.00","1,170.00","1,126.10","1,124.85","1,130.50","1,131.65","1,143.66","1,348.00","686.00","39,93,218","4,56,68,71,244.45","1,44,877"
"06-Aug-2024","EQ","1,171.00","1,183.40","1,094.30","1,159.10","1,135.00","1,124.85","1,127.61","1,348.00","686.00","1,19,68,412","13,49,57,14,282.00","3,65,313"
"05-Aug-2024","EQ","1,200.00","1,231.95","1,150.65","1,261.80","1,164.60","1,159.10","1,187.60","1,348.00","686.00","68,01,861","8,07,79,12,519.80","2,15,244"
"02-Aug-2024","EQ","1,250.00","1,309.00","1,231.10","1,275.20","1,263.00","1,261.80","1,275.30","1,348.00","686.00","96,02,722","12,24,63,15,599.65","2,59,080"
"01-Aug-2024","EQ","1,120.00","1,348.00","1,119.95","1,138.05","1,266.00","1,275.20","1,249.17","1,348.00","686.00","3,01,07,717","37,60,95,87,693.75","6,15,019"
"31-Jul-2024","EQ","1,156.00","1,168.80","1,125.25","1,124.90","1,133.50","1,138.05","1,140.51","1,250.00","686.00","46,60,152","5,31,49,62,309.25","96,780"
"30-Jul-2024","EQ","1,064.90","1,137.00","1,054.00","1,051.95","1,135.05","1,124.90","1,099.21","1,250.00","686.00","91,56,858","10,06,52,94,126.85","2,09,171"
"29-Jul-2024","EQ","1,059.15","1,110.00","1,047.85","1,051.95","1,050.00","1,051.95","1,069.84","1,250.00","686.00","47,73,418","5,10,67,91,579.80","1,01,615"
"26-Jul-2024","EQ","1,063.05","1,149.70","1,040.05","1,050.15","1,044.50","1,051.95","1,083.77","1,250.00","686.00","81,82,577","8,86,80,03,002.45","1,99,830"
"25-Jul-2024","EQ","1,030.20","1,060.05","1,025.05","1,036.20","1,057.80","1,050.15","1,043.68","1,250.00","686.00","11,44,067","1,19,40,38,389.80","38,504"
"24-Jul-2024","EQ","1,025.90","1,047.00","1,022.00","1,023.80","1,040.00","1,036.20","1,038.22","1,250.00","686.00","9,28,518","96,40,05,198.50","32,632"
"23-Jul-2024","EQ","1,010.10","1,033.20","975.00","1,011.05","1,023.00","1,023.80","1,015.12","1,250.00","686.00","14,23,981","1,44,55,07,130.55","53,362"
"22-Jul-2024","EQ","1,004.95","1,015.30","982.50","1,010.70","1,009.95","1,011.05","1,004.52","1,250.00","686.00","7,88,623","79,21,85,769.50","24,867"
"19-Jul-2024","EQ","1,008.00","1,020.25","1,001.55","1,010.45","1,010.00","1,010.70","1,011.80","1,250.00","686.00","8,84,638","89,50,79,991.80","26,160"
"18-Jul-2024","EQ","1,021.95","1,025.00","1,007.30","1,022.25","1,010.05","1,010.45","1,012.09","1,250.00","686.00","6,25,350","63,29,08,376.15","15,981"
"16-Jul-2024","EQ","1,024.05","1,047.95","1,018.50","1,013.30","1,023.10","1,022.25","1,033.40","1,250.00","686.00","11,49,453","1,18,78,39,539.30","40,210"
"15-Jul-2024","EQ","1,006.50","1,025.15","998.50","1,004.80","1,015.00","1,013.30","1,014.86","1,250.00","686.00","9,72,014","98,64,60,725.55","30,440"
"12-Jul-2024","EQ","1,005.00","1,010.60","1,000.00","1,001.20","1,003.00","1,004.80","1,005.00","1,250.00","686.00","4,78,408","48,07,98,699.20","18,977"
"11-Jul-2024","EQ","1,002.90","1,010.90","998.50","1,003.25","1,003.00","1,001.20","1,003.81","1,250.00","686.00","3,81,605","38,30,57,555.50","13,715"
"10-Jul-2024","EQ","1,004.75","1,013.95","985.40","1,003.45","1,003.00","1,003.25","999.78","1,250.00","686.00","6,40,805","64,06,63,715.40","22,400"
"09-Jul-2024","EQ","1,005.75","1,033.20","1,000.00","998.40","1,007.50","1,003.45","1,015.13","1,250.00","686.00","9,01,166","91,48,00,556.55","30,584"
"08-Jul-2024","EQ","1,010.00","1,019.95","994.70","1,012.65","999.55","998.40","1,003.10","1,250.00","686.00","7,57,659","76,00,09,635.00","27,387"
"05-Jul-2024","EQ","1,025.80","1,025.80","1,010.00","1,025.85","1,014.85","1,012.65","1,017.89","1,250.00","686.00","6,59,996","67,18,01,169.05","25,138"
"04-Jul-2024","EQ","1,036.00","1,047.95","1,020.10","1,035.20","1,024.00","1,025.85","1,034.50","1,250.00","686.00","8,25,442","85,39,20,748.45","26,349"
"03-Jul-2024","EQ","1,034.95","1,040.00","1,020.00","1,024.75","1,036.95","1,035.20","1,029.50","1,250.00","686.00","9,70,351","99,89,72,560.05","27,762"
"02-Jul-2024","EQ","1,005.00","1,063.35","1,000.40","999.20","1,023.35","1,024.75","1,035.40","1,250.00","686.00","27,38,036","2,83,49,61,236.90","77,950"
"01-Jul-2024","EQ","1,003.65","1,007.85","996.05","997.35","997.00","999.20","1,001.06","1,250.00","686.00","4,72,079","47,25,78,891.70","16,624"